{"large_buy:2YF1qxgYVY9x6UWVfampZp9er7PHXRYRDKi3isFnYhH9:2NwSGU6rf9e3zEXcGZeJQPqWwJNLwvDgwnZSk4ghL1XL": 1781957323.0260406, "accumulation:H3zBBrwNVHLiFYgUReiyydYm8tfr1FzYs2UBs22Fpump": 1781957323.0260406, "large_buy:3oX9emrqYRGzFEDPP3jA6tYnUBML4QSr3DfgD2r5pump:CEUA7zVoDRqRYoeHTP58UHU6TR8yvtVbeLrX1dppqoXJ": 1781957323.0260406, "accumulation:DCRWqh2YZVm71eX8jvqFQDXiYjyRfAMWSYDSS3uuV5j8": 1781957323.0260406, "accumulation:F6VFdgCPdiZWoS4FJrYtyBoQjNAQ8rkfRLATViPKpump": 1781957323.0260406, "accumulation:BohiYrLdvMgsqtzHz9azWPT3xa8fK8FmRtF3Tt5Fpump": 1781957323.0260406, "accumulation:HPPVFiXJoQMYBJDQPYA4c3p82ocoG4QwUQHjWsoepump": 1781957323.0260406, "accumulation:GcaAmjhhVWKv4UrLaZp3GdKGkkpoeiCi4LNJzFwepump": 1781957324.8025854, "large_buy:zinc155BS4mSPk8GXQj4R5hkVDQXcW253pTYq5SGyfi:EokUVZ8ixAvMcLgQ7wQxTJxd4JC5WfQWeFabfZhVrVFY": 1781957324.8025987, "accumulation:6MfKLV8xpxjVLVr7hyh6B6t1FTEw1iMeh7pEqNJ7pump": 1781957324.8026226, "accumulation:J2qDGYcwJYg4YYC9XpG6SfQHKLi7khHafpFZxLzRpump": 1781957324.8026412, "accumulation:yMJPZbnhoHib3ib8n8PfiVcp9yauk1vnaGKLx7epump": 1781957324.8026574, "large_buy:yMJPZbnhoHib3ib8n8PfiVcp9yauk1vnaGKLx7epump:7d2YoZjq2BLvNDbuFxLhKPkvsNNTmgPVpCnXJBA3HLJP": 1781957324.8026643, "accumulation:7DVbSqaD9Ps9yV4YFPTqQ5bFWottbsNXaGBQX4ejpump": 1781957324.80268, "large_buy:3ZNf2wrms62SXmh88nHyyAivzAoKoKRwsAGGbyUNpump:93kgxYKex5wPyEkjH9P4KspLFAi3fdWBkw8vZce51pbp": 1781957388.440655, "large_buy:AvxFBjWydMYWD7C8pHzSkGxNYAFWr7aNBbAKm84bpump:GCxRVYmx7639heNoUWSuzca8bYAb488kTJ4dBjUY7jdy": 1781957388.4406831, "concentration:HpdcTaSdG2asTWStE3kgMRUkY9gF8KstAzVd7VQUBAGS": 1781957388.440721, "large_buy:yMJPZbnhoHib3ib8n8PfiVcp9yauk1vnaGKLx7epump:9URaWJ9p4Y5vadxL3CYWRL5pbEkaQpWwYkyxK7eaFGav": 1781957388.4407537, "large_buy:yMJPZbnhoHib3ib8n8PfiVcp9yauk1vnaGKLx7epump:FLiYfD2z5NRpCuBg2hx6zM4UooVtvtD6ssQFUNpuPGEQ": 1781957388.4407601}